{"cameraMode":{"drawMode":0,"name":"Shaded","section":"Shading Mode"},"sceneLighting":false,"audioPlay":false,"sceneViewState":{"showFog":true,"showMaterialUpdate":false,"showSkybox":false,"showFlares":true,"showImageEffects":true,"showParticleSystems":true},"in2DMode":false,"pivot":{"x":0.0005664825439453125,"y":0.8154119849205017,"z":0.0},"rotation":{"x":0.004719973541796207,"y":-0.9195268750190735,"z":0.011032558046281338,"w":0.39289116859436037},"size":3.8892576694488527,"orthographic":true}