{"cameraMode":{"drawMode":0,"name":"Shaded","section":"Shading Mode"},"sceneLighting":true,"audioPlay":false,"sceneViewState":{"showFog":true,"showMaterialUpdate":false,"showSkybox":true,"showFlares":true,"showImageEffects":true,"showParticleSystems":true},"in2DMode":false,"pivot":{"x":0.15369534492492677,"y":0.9936758875846863,"z":-9.783711433410645},"rotation":{"x":-0.02302534133195877,"y":0.17750710248947144,"z":0.004159560892730951,"w":0.9838524460792542},"size":0.14304396510124207,"orthographic":false}